RID,VISCODE,MMSE
2.0,120.0,28.0
8.0,120.0,26.0
15.0,78.0,29.0
21.0,120.0,27.0
23.0,120.0,29.0
31.0,120.0,30.0
51.0,120.0,17.0
55.0,108.0,28.0
56.0,120.0,30.0
58.0,96.0,29.0
59.0,120.0,27.0
61.0,120.0,24.0
69.0,120.0,29.0
72.0,120.0,27.0
74.0,108.0,29.0
89.0,108.0,30.0
96.0,120.0,29.0
101.0,108.0,24.0
106.0,120.0,25.0
112.0,120.0,25.0
113.0,108.0,30.0
120.0,108.0,30.0
123.0,120.0,27.0
125.0,108.0,29.0
126.0,120.0,16.0
127.0,120.0,25.0
135.0,120.0,30.0
138.0,120.0,26.0
142.0,120.0,25.0
150.0,120.0,22.0
156.0,120.0,30.0
159.0,108.0,27.0
166.0,120.0,9.0
173.0,120.0,27.0
178.0,120.0,30.0
186.0,96.0,25.0
200.0,120.0,29.0
205.0,120.0,30.0
210.0,120.0,30.0
214.0,120.0,11.0
217.0,90.0,16.0
225.0,120.0,25.0
229.0,120.0,26.0
232.0,72.0,29.0
257.0,96.0,27.0
259.0,120.0,26.0
260.0,108.0,25.0
272.0,120.0,29.0
276.0,120.0,27.0
295.0,72.0,22.0
296.0,120.0,27.0
298.0,120.0,29.0
303.0,120.0,30.0
311.0,84.0,26.0
315.0,108.0,29.0
331.0,108.0,7.0
337.0,108.0,30.0
359.0,120.0,28.0
361.0,120.0,14.0
376.0,66.0,25.0
377.0,120.0,28.0
378.0,96.0,9.0
382.0,108.0,30.0
384.0,120.0,30.0
408.0,108.0,22.0
413.0,108.0,30.0
416.0,120.0,29.0
419.0,108.0,29.0
420.0,108.0,25.0
441.0,120.0,30.0
454.0,120.0,26.0
467.0,120.0,19.0
473.0,120.0,28.0
498.0,108.0,30.0
501.0,108.0,22.0
505.0,96.0,29.0
519.0,90.0,30.0
520.0,90.0,30.0
522.0,120.0,27.0
545.0,120.0,28.0
552.0,120.0,2.0
553.0,120.0,30.0
555.0,120.0,26.0
557.0,90.0,29.0
558.0,90.0,26.0
563.0,90.0,24.0
566.0,108.0,14.0
572.0,90.0,21.0
602.0,120.0,28.0
605.0,120.0,30.0
610.0,120.0,29.0
618.0,96.0,28.0
626.0,108.0,23.0
637.0,108.0,30.0
658.0,96.0,26.0
668.0,120.0,30.0
671.0,108.0,13.0
677.0,120.0,29.0
679.0,108.0,30.0
680.0,120.0,30.0
684.0,120.0,29.0
685.0,108.0,28.0
686.0,120.0,30.0
697.0,66.0,18.0
698.0,108.0,22.0
715.0,78.0,25.0
717.0,78.0,29.0
722.0,108.0,26.0
731.0,108.0,30.0
734.0,108.0,29.0
741.0,120.0,28.0
746.0,108.0,27.0
751.0,96.0,27.0
752.0,108.0,14.0
767.0,84.0,30.0
778.0,108.0,22.0
800.0,120.0,24.0
802.0,108.0,29.0
824.0,108.0,30.0
830.0,66.0,25.0
835.0,108.0,22.0
842.0,108.0,30.0
843.0,108.0,20.0
863.0,78.0,30.0
887.0,108.0,0.0
896.0,120.0,30.0
906.0,120.0,8.0
907.0,108.0,30.0
908.0,120.0,30.0
914.0,108.0,21.0
919.0,120.0,27.0
920.0,120.0,21.0
923.0,120.0,28.0
925.0,120.0,24.0
926.0,90.0,30.0
934.0,108.0,30.0
969.0,108.0,28.0
981.0,96.0,30.0
984.0,108.0,12.0
985.0,84.0,21.0
989.0,72.0,26.0
997.0,60.0,20.0
1016.0,120.0,29.0
1023.0,108.0,30.0
1030.0,96.0,7.0
1032.0,120.0,26.0
1034.0,78.0,22.0
1043.0,66.0,23.0
1045.0,108.0,25.0
1046.0,96.0,25.0
1052.0,96.0,22.0
1057.0,72.0,2.0
1072.0,114.0,27.0
1074.0,108.0,22.0
1078.0,108.0,16.0
1080.0,72.0,16.0
1098.0,120.0,27.0
1106.0,84.0,24.0
1122.0,108.0,29.0
1123.0,108.0,24.0
1155.0,108.0,30.0
1169.0,108.0,29.0
1186.0,96.0,24.0
1187.0,108.0,25.0
1190.0,108.0,29.0
1195.0,108.0,30.0
1203.0,54.0,30.0
1206.0,84.0,29.0
1212.0,108.0,30.0
1222.0,108.0,29.0
1232.0,108.0,27.0
1243.0,108.0,23.0
1249.0,108.0,19.0
1250.0,84.0,29.0
1255.0,78.0,20.0
1256.0,60.0,30.0
1261.0,96.0,29.0
1268.0,72.0,25.0
1280.0,96.0,28.0
1286.0,108.0,30.0
1300.0,108.0,23.0
1331.0,78.0,20.0
1346.0,96.0,22.0
1351.0,66.0,18.0
1352.0,108.0,28.0
1407.0,72.0,17.0
1408.0,108.0,29.0
1414.0,96.0,26.0
1417.0,96.0,24.0
1418.0,96.0,30.0
1427.0,108.0,14.0
2002.0,72.0,30.0
2007.0,60.0,25.0
2018.0,48.0,30.0
2022.0,48.0,30.0
2036.0,60.0,30.0
2037.0,60.0,28.0
2043.0,30.0,28.0
2045.0,60.0,28.0
2052.0,72.0,27.0
2055.0,60.0,19.0
2060.0,60.0,29.0
2061.0,72.0,29.0
2068.0,48.0,26.0
2072.0,60.0,26.0
2073.0,72.0,29.0
2079.0,72.0,26.0
2083.0,48.0,29.0
2087.0,60.0,19.0
2093.0,60.0,30.0
2106.0,42.0,25.0
2109.0,60.0,24.0
2116.0,60.0,29.0
2119.0,60.0,27.0
2121.0,48.0,28.0
2123.0,60.0,30.0
2124.0,60.0,27.0
2130.0,60.0,25.0
2133.0,60.0,24.0
2146.0,72.0,28.0
2148.0,36.0,30.0
2150.0,48.0,27.0
2151.0,30.0,28.0
2155.0,60.0,26.0
2164.0,60.0,29.0
2167.0,60.0,30.0
2168.0,60.0,29.0
2180.0,60.0,29.0
2182.0,60.0,30.0
2183.0,60.0,23.0
2184.0,60.0,28.0
2185.0,48.0,30.0
2187.0,60.0,29.0
2191.0,60.0,30.0
2195.0,60.0,15.0
2196.0,60.0,28.0
2200.0,60.0,28.0
2201.0,60.0,30.0
2205.0,30.0,26.0
2208.0,48.0,30.0
2213.0,72.0,28.0
2216.0,60.0,2.0
2219.0,60.0,30.0
2220.0,60.0,29.0
2225.0,60.0,29.0
2233.0,48.0,30.0
2234.0,72.0,28.0
2238.0,60.0,29.0
2239.0,60.0,26.0
2240.0,18.0,29.0
2245.0,60.0,30.0
2247.0,60.0,30.0
2249.0,60.0,29.0
2263.0,60.0,29.0
2264.0,60.0,26.0
2274.0,60.0,25.0
2284.0,18.0,29.0
2301.0,60.0,30.0
2304.0,60.0,28.0
2307.0,36.0,28.0
2308.0,60.0,30.0
2315.0,60.0,28.0
2316.0,48.0,11.0
2332.0,48.0,30.0
2333.0,48.0,27.0
2336.0,60.0,28.0
2347.0,36.0,30.0
2357.0,60.0,30.0
2360.0,60.0,29.0
2363.0,60.0,29.0
2367.0,60.0,26.0
2373.0,60.0,22.0
2374.0,60.0,26.0
2376.0,48.0,26.0
2378.0,60.0,30.0
2379.0,60.0,30.0
2380.0,72.0,26.0
2389.0,36.0,29.0
2391.0,48.0,22.0
2392.0,60.0,29.0
2394.0,60.0,30.0
2395.0,60.0,30.0
2396.0,60.0,27.0
2403.0,36.0,21.0
2405.0,60.0,24.0
2407.0,60.0,27.0
4003.0,60.0,30.0
4004.0,60.0,29.0
4005.0,48.0,30.0
4009.0,30.0,25.0
4012.0,48.0,30.0
4014.0,48.0,30.0
4015.0,60.0,0.0
4018.0,48.0,29.0
4020.0,48.0,27.0
4021.0,36.0,30.0
4024.0,24.0,22.0
4028.0,48.0,29.0
4030.0,60.0,14.0
4034.0,18.0,24.0
4035.0,48.0,11.0
4036.0,60.0,27.0
4037.0,48.0,25.0
4039.0,30.0,13.0
4041.0,60.0,27.0
4042.0,24.0,26.0
4043.0,48.0,28.0
4050.0,48.0,25.0
4051.0,48.0,29.0
4058.0,30.0,24.0
4059.0,18.0,25.0
4060.0,48.0,26.0
4061.0,60.0,29.0
4063.0,60.0,30.0
4066.0,0.0,29.0
4067.0,48.0,29.0
4071.0,60.0,26.0
4072.0,60.0,29.0
4073.0,36.0,29.0
4075.0,48.0,30.0
4076.0,48.0,28.0
4077.0,48.0,28.0
4080.0,30.0,28.0
4081.0,60.0,27.0
4082.0,48.0,30.0
4084.0,48.0,30.0
4086.0,48.0,27.0
4089.0,60.0,18.0
4090.0,30.0,30.0
4092.0,60.0,25.0
4093.0,30.0,30.0
4094.0,60.0,20.0
4097.0,6.0,30.0
4100.0,48.0,25.0
4102.0,12.0,19.0
4105.0,48.0,30.0
4114.0,60.0,24.0
4115.0,48.0,30.0
4119.0,48.0,30.0
4120.0,48.0,29.0
4121.0,48.0,23.0
4122.0,36.0,27.0
4125.0,48.0,30.0
4127.0,60.0,30.0
4128.0,48.0,24.0
4133.0,30.0,29.0
4136.0,48.0,17.0
4138.0,48.0,21.0
4139.0,6.0,28.0
4143.0,48.0,27.0
4146.0,48.0,29.0
4148.0,48.0,30.0
4149.0,36.0,27.0
4150.0,48.0,30.0
4151.0,48.0,28.0
4155.0,30.0,30.0
4158.0,48.0,30.0
4159.0,48.0,27.0
4160.0,48.0,27.0
4162.0,60.0,24.0
4164.0,48.0,29.0
4167.0,60.0,11.0
4169.0,60.0,27.0
4170.0,48.0,30.0
4171.0,30.0,22.0
4172.0,30.0,11.0
4173.0,48.0,30.0
4175.0,60.0,25.0
4176.0,48.0,30.0
4177.0,48.0,30.0
4179.0,48.0,27.0
4184.0,48.0,29.0
4186.0,0.0,30.0
4187.0,48.0,27.0
4188.0,48.0,21.0
4189.0,36.0,24.0
4195.0,48.0,15.0
4197.0,60.0,25.0
4198.0,48.0,28.0
4199.0,60.0,27.0
4200.0,48.0,30.0
4205.0,60.0,27.0
4206.0,48.0,27.0
4208.0,30.0,30.0
4210.0,60.0,28.0
4211.0,30.0,16.0
4212.0,48.0,30.0
4213.0,48.0,29.0
4214.0,48.0,29.0
4215.0,42.0,21.0
4216.0,48.0,29.0
4217.0,48.0,30.0
4219.0,18.0,29.0
4220.0,48.0,30.0
4222.0,48.0,25.0
4223.0,12.0,9.0
4224.0,30.0,28.0
4225.0,48.0,29.0
4226.0,48.0,30.0
4229.0,60.0,28.0
4232.0,24.0,27.0
4234.0,36.0,29.0
4235.0,60.0,25.0
4240.0,60.0,6.0
4241.0,18.0,27.0
4243.0,36.0,19.0
4245.0,48.0,27.0
4250.0,36.0,19.0
4251.0,6.0,30.0
4254.0,48.0,26.0
4255.0,48.0,28.0
4256.0,18.0,29.0
4258.0,48.0,24.0
4260.0,0.0,29.0
4262.0,60.0,19.0
4263.0,36.0,25.0
4264.0,0.0,29.0
4266.0,48.0,30.0
4268.0,36.0,30.0
4269.0,36.0,29.0
4270.0,48.0,27.0
4271.0,48.0,27.0
4272.0,48.0,23.0
4275.0,48.0,30.0
4276.0,48.0,30.0
4277.0,30.0,30.0
4278.0,48.0,24.0
4279.0,24.0,30.0
4281.0,60.0,27.0
4282.0,30.0,21.0
4287.0,60.0,26.0
4288.0,36.0,30.0
4290.0,48.0,30.0
4291.0,48.0,30.0
4292.0,48.0,29.0
4293.0,48.0,21.0
4294.0,48.0,25.0
4299.0,48.0,26.0
4300.0,36.0,27.0
4301.0,60.0,24.0
4302.0,48.0,26.0
4303.0,24.0,27.0
4307.0,18.0,18.0
4308.0,48.0,29.0
4309.0,60.0,29.0
4310.0,48.0,30.0
4311.0,48.0,29.0
4312.0,48.0,27.0
4313.0,54.0,27.0
4320.0,48.0,30.0
4324.0,48.0,19.0
4328.0,24.0,25.0
4331.0,48.0,28.0
4332.0,36.0,29.0
4335.0,48.0,30.0
4338.0,54.0,18.0
4339.0,24.0,29.0
4340.0,36.0,28.0
4343.0,48.0,29.0
4345.0,36.0,26.0
4346.0,48.0,26.0
4348.0,6.0,29.0
4349.0,48.0,28.0
4350.0,48.0,29.0
4351.0,48.0,30.0
4352.0,48.0,30.0
4354.0,48.0,27.0
4356.0,60.0,30.0
4357.0,48.0,30.0
4359.0,48.0,30.0
4360.0,48.0,30.0
4362.0,0.0,28.0
4363.0,48.0,23.0
4365.0,24.0,30.0
4367.0,48.0,30.0
4369.0,24.0,26.0
4371.0,24.0,29.0
4372.0,48.0,29.0
4376.0,48.0,28.0
4377.0,18.0,28.0
4380.0,48.0,30.0
4381.0,48.0,30.0
4382.0,48.0,30.0
4383.0,48.0,28.0
4384.0,48.0,30.0
4385.0,48.0,23.0
4386.0,48.0,26.0
4387.0,48.0,29.0
4388.0,48.0,29.0
4389.0,24.0,29.0
4390.0,48.0,29.0
4391.0,36.0,30.0
4393.0,48.0,28.0
4394.0,48.0,30.0
4395.0,48.0,29.0
4396.0,24.0,29.0
4399.0,48.0,29.0
4400.0,48.0,30.0
4401.0,48.0,30.0
4402.0,36.0,18.0
4404.0,48.0,26.0
4405.0,48.0,26.0
4408.0,18.0,30.0
4410.0,48.0,30.0
4414.0,48.0,19.0
4415.0,48.0,26.0
4417.0,48.0,29.0
4419.0,48.0,30.0
4420.0,48.0,27.0
4421.0,24.0,28.0
4422.0,48.0,30.0
4423.0,18.0,24.0
4424.0,36.0,29.0
4426.0,36.0,29.0
4427.0,48.0,27.0
4428.0,48.0,30.0
4429.0,48.0,28.0
4430.0,48.0,17.0
4431.0,48.0,27.0
4432.0,48.0,22.0
4433.0,24.0,30.0
4434.0,48.0,29.0
4438.0,12.0,29.0
4441.0,48.0,29.0
4442.0,12.0,28.0
4443.0,48.0,30.0
4444.0,48.0,29.0
4446.0,48.0,29.0
4447.0,36.0,30.0
4448.0,48.0,30.0
4449.0,48.0,29.0
4453.0,48.0,28.0
4455.0,48.0,30.0
4458.0,48.0,22.0
4463.0,48.0,27.0
4464.0,48.0,28.0
4465.0,48.0,29.0
4466.0,48.0,29.0
4468.0,24.0,30.0
4469.0,24.0,30.0
4473.0,48.0,29.0
4475.0,18.0,23.0
4482.0,48.0,29.0
4483.0,48.0,29.0
4485.0,48.0,30.0
4488.0,48.0,30.0
4489.0,48.0,30.0
4491.0,48.0,29.0
4496.0,24.0,30.0
4498.0,48.0,25.0
4499.0,48.0,30.0
4502.0,48.0,4.0
4503.0,36.0,29.0
4506.0,36.0,30.0
4507.0,48.0,26.0
4510.0,48.0,30.0
4512.0,48.0,28.0
4513.0,48.0,30.0
4514.0,48.0,27.0
4515.0,48.0,15.0
4516.0,48.0,30.0
4517.0,24.0,30.0
4520.0,48.0,30.0
4521.0,48.0,14.0
4522.0,48.0,29.0
4531.0,48.0,19.0
4536.0,48.0,26.0
4538.0,48.0,26.0
4539.0,48.0,28.0
4540.0,6.0,29.0
4542.0,48.0,21.0
4543.0,48.0,30.0
4545.0,48.0,30.0
4547.0,48.0,27.0
4548.0,48.0,30.0
4552.0,48.0,30.0
4553.0,48.0,30.0
4555.0,48.0,30.0
4556.0,48.0,27.0
4557.0,60.0,27.0
4558.0,18.0,26.0
4559.0,48.0,30.0
4562.0,24.0,25.0
4564.0,0.0,27.0
4571.0,48.0,29.0
4576.0,24.0,28.0
4577.0,24.0,28.0
4578.0,48.0,28.0
4579.0,24.0,28.0
4580.0,24.0,28.0
4582.0,48.0,21.0
4585.0,48.0,29.0
4586.0,48.0,29.0
4587.0,48.0,29.0
4589.0,12.0,23.0
4590.0,36.0,29.0
4594.0,48.0,28.0
4597.0,48.0,12.0
4598.0,48.0,30.0
4603.0,0.0,27.0
4604.0,48.0,30.0
4605.0,24.0,29.0
4607.0,48.0,27.0
4609.0,6.0,29.0
4611.0,48.0,25.0
4612.0,24.0,30.0
4613.0,48.0,30.0
4614.0,48.0,29.0
4615.0,30.0,21.0
4616.0,24.0,29.0
4620.0,48.0,28.0
4621.0,48.0,30.0
4623.0,48.0,29.0
4624.0,48.0,28.0
4625.0,54.0,20.0
4626.0,48.0,27.0
4629.0,12.0,30.0
4630.0,48.0,28.0
4631.0,48.0,27.0
4632.0,48.0,29.0
4635.0,48.0,30.0
4636.0,48.0,26.0
4637.0,48.0,29.0
4638.0,36.0,24.0
4643.0,48.0,30.0
4644.0,48.0,30.0
4645.0,48.0,28.0
4649.0,36.0,30.0
4653.0,48.0,27.0
4654.0,48.0,28.0
4659.0,48.0,23.0
4661.0,36.0,23.0
4668.0,12.0,26.0
4671.0,12.0,29.0
4672.0,42.0,16.0
4674.0,48.0,27.0
4675.0,48.0,16.0
4676.0,24.0,25.0
4678.0,36.0,28.0
4679.0,48.0,29.0
4696.0,24.0,9.0
4706.0,48.0,29.0
4707.0,48.0,18.0
4708.0,6.0,25.0
4711.0,24.0,26.0
4712.0,48.0,21.0
4713.0,48.0,30.0
4714.0,48.0,24.0
4715.0,48.0,14.0
4718.0,18.0,16.0
4719.0,0.0,22.0
4720.0,36.0,25.0
4721.0,24.0,27.0
4722.0,48.0,30.0
4723.0,48.0,30.0
4732.0,48.0,18.0
4736.0,36.0,23.0
4737.0,48.0,20.0
4739.0,24.0,28.0
4741.0,48.0,22.0
4742.0,48.0,30.0
4743.0,36.0,22.0
4744.0,48.0,26.0
4746.0,48.0,25.0
4750.0,36.0,30.0
4755.0,18.0,21.0
4756.0,42.0,25.0
4757.0,24.0,21.0
4762.0,24.0,28.0
4764.0,36.0,28.0
4765.0,48.0,20.0
4767.0,48.0,29.0
4769.0,30.0,30.0
4772.0,18.0,23.0
4774.0,18.0,17.0
4777.0,48.0,23.0
4780.0,36.0,30.0
4782.0,48.0,27.0
4791.0,24.0,26.0
4792.0,12.0,22.0
4793.0,6.0,24.0
4795.0,24.0,29.0
4796.0,36.0,15.0
4798.0,0.0,26.0
4799.0,48.0,30.0
4801.0,48.0,17.0
4803.0,6.0,28.0
4804.0,36.0,27.0
4806.0,36.0,27.0
4807.0,36.0,25.0
4809.0,48.0,22.0
4813.0,48.0,27.0
4815.0,48.0,22.0
4816.0,48.0,24.0
4817.0,48.0,29.0
4820.0,18.0,22.0
4823.0,48.0,26.0
4832.0,48.0,29.0
4835.0,48.0,28.0
4838.0,36.0,28.0
4842.0,48.0,30.0
4843.0,36.0,24.0
4844.0,36.0,28.0
4849.0,36.0,28.0
4855.0,48.0,28.0
4856.0,36.0,30.0
4857.0,48.0,20.0
4858.0,48.0,27.0
4862.0,36.0,25.0
4869.0,36.0,29.0
4871.0,36.0,28.0
4872.0,48.0,28.0
4873.0,36.0,23.0
4876.0,36.0,27.0
4877.0,24.0,27.0
4878.0,24.0,29.0
4883.0,36.0,29.0
4885.0,48.0,21.0
4888.0,48.0,21.0
4889.0,48.0,26.0
4891.0,48.0,27.0
4892.0,18.0,26.0
4893.0,48.0,24.0
4894.0,12.0,18.0
4896.0,48.0,27.0
4897.0,12.0,27.0
4898.0,36.0,28.0
4899.0,24.0,28.0
4900.0,36.0,30.0
4902.0,36.0,23.0
4903.0,18.0,28.0
4907.0,6.0,30.0
4910.0,18.0,11.0
4917.0,24.0,25.0
4918.0,24.0,27.0
4919.0,36.0,26.0
4920.0,12.0,28.0
4922.0,24.0,24.0
4924.0,0.0,20.0
4925.0,24.0,16.0
4926.0,36.0,30.0
4928.0,48.0,22.0
4929.0,42.0,23.0
4936.0,36.0,23.0
4938.0,42.0,23.0
4940.0,18.0,20.0
4941.0,36.0,28.0
4944.0,36.0,30.0
4945.0,36.0,23.0
4951.0,36.0,30.0
4952.0,36.0,30.0
4954.0,18.0,26.0
4955.0,18.0,22.0
4959.0,12.0,26.0
4960.0,48.0,28.0
4962.0,42.0,21.0
4966.0,36.0,28.0
4974.0,36.0,29.0
4976.0,6.0,28.0
4980.0,12.0,23.0
4986.0,36.0,27.0
4987.0,36.0,25.0
4989.0,36.0,30.0
4990.0,12.0,21.0
4994.0,6.0,21.0
4997.0,0.0,19.0
5000.0,36.0,23.0
5004.0,36.0,30.0
5005.0,12.0,19.0
5007.0,24.0,29.0
5014.0,12.0,29.0
5016.0,12.0,22.0
5023.0,24.0,30.0
5027.0,12.0,21.0
5028.0,12.0,25.0
5031.0,36.0,26.0
5037.0,12.0,23.0
5038.0,42.0,24.0
5040.0,36.0,29.0
5047.0,36.0,25.0
5056.0,12.0,9.0
5057.0,12.0,28.0
5058.0,12.0,25.0
5059.0,6.0,16.0
5062.0,12.0,22.0
5063.0,12.0,20.0
5066.0,36.0,29.0
5067.0,12.0,26.0
5070.0,12.0,16.0
5078.0,24.0,29.0
5079.0,24.0,29.0
5082.0,24.0,30.0
5083.0,24.0,29.0
5091.0,24.0,29.0
5093.0,24.0,30.0
5095.0,12.0,22.0
5096.0,24.0,26.0
5097.0,24.0,28.0
5099.0,24.0,25.0
5100.0,24.0,27.0
5102.0,24.0,28.0
5106.0,30.0,17.0
5109.0,24.0,28.0
5110.0,24.0,27.0
5113.0,36.0,29.0
5118.0,24.0,30.0
5119.0,36.0,18.0
5120.0,0.0,26.0
5123.0,12.0,26.0
5124.0,24.0,27.0
5125.0,12.0,30.0
5126.0,24.0,30.0
5127.0,24.0,30.0
5130.0,36.0,30.0
5131.0,36.0,27.0
5132.0,24.0,29.0
5135.0,24.0,28.0
5137.0,36.0,27.0
5140.0,24.0,30.0
5141.0,24.0,29.0
5142.0,36.0,30.0
5147.0,12.0,30.0
5148.0,0.0,30.0
5153.0,24.0,30.0
5154.0,48.0,28.0
5157.0,24.0,30.0
5158.0,24.0,29.0
5159.0,24.0,30.0
5160.0,12.0,26.0
5166.0,24.0,25.0
5167.0,24.0,30.0
5169.0,24.0,30.0
5170.0,24.0,30.0
5171.0,24.0,30.0
5175.0,24.0,30.0
5176.0,24.0,30.0
5177.0,24.0,30.0
5178.0,24.0,28.0
5184.0,6.0,26.0
5185.0,24.0,30.0
5187.0,18.0,23.0
5193.0,24.0,30.0
5194.0,24.0,29.0
5195.0,24.0,30.0
5197.0,24.0,27.0
5198.0,24.0,30.0
5199.0,24.0,30.0
5200.0,24.0,30.0
5202.0,36.0,29.0
5203.0,24.0,29.0
5204.0,24.0,29.0
5209.0,24.0,25.0
5210.0,6.0,22.0
5212.0,6.0,28.0
5213.0,24.0,28.0
5218.0,6.0,23.0
5219.0,24.0,25.0
5222.0,24.0,28.0
5227.0,24.0,30.0
5228.0,24.0,30.0
5230.0,24.0,29.0
5234.0,24.0,27.0
5236.0,24.0,28.0
5237.0,24.0,30.0
5241.0,0.0,22.0
5242.0,24.0,29.0
5243.0,24.0,27.0
5244.0,24.0,30.0
5248.0,6.0,27.0
5253.0,24.0,30.0
5256.0,24.0,29.0
5258.0,24.0,29.0
5259.0,24.0,27.0
5261.0,24.0,29.0
5265.0,24.0,28.0
5266.0,24.0,30.0
5267.0,6.0,28.0
5269.0,36.0,30.0
5271.0,36.0,30.0
5272.0,24.0,30.0
5273.0,36.0,29.0
5275.0,6.0,26.0
5277.0,24.0,24.0
5278.0,6.0,30.0
5280.0,24.0,30.0
5282.0,24.0,27.0
5283.0,36.0,27.0
5285.0,24.0,27.0
5287.0,24.0,29.0
5288.0,24.0,30.0
5289.0,24.0,30.0
5290.0,24.0,30.0
5292.0,24.0,29.0
5294.0,24.0,30.0
5295.0,24.0,26.0
5296.0,24.0,29.0
